{
  "warnings": [
    {
      "file": "/Users/onevcat/Dropbox/github/Kingfisher/Sources/AnimatedImageView.swift",
      "line": 94,
      "symbol": "AnimatedImageView.image",
      "symbol_kind": "source.lang.swift.decl.var.instance",
      "warning": "undocumented"
    },
    {
      "file": "/Users/onevcat/Dropbox/github/Kingfisher/Sources/AnimatedImageView.swift",
      "line": 110,
      "symbol": "AnimatedImageView.isAnimating",
      "symbol_kind": "source.lang.swift.decl.var.instance",
      "warning": "undocumented"
    },
    {
      "file": "/Users/onevcat/Dropbox/github/Kingfisher/Sources/AnimatedImageView.swift",
      "line": 135,
      "symbol": "AnimatedImageView.display(_:)",
      "symbol_kind": "source.lang.swift.decl.function.method.instance",
      "warning": "undocumented"
    },
    {
      "file": "/Users/onevcat/Dropbox/github/Kingfisher/Sources/AnimatedImageView.swift",
      "line": 143,
      "symbol": "AnimatedImageView.didMoveToWindow()",
      "symbol_kind": "source.lang.swift.decl.function.method.instance",
      "warning": "undocumented"
    },
    {
      "file": "/Users/onevcat/Dropbox/github/Kingfisher/Sources/AnimatedImageView.swift",
      "line": 148,
      "symbol": "AnimatedImageView.didMoveToSuperview()",
      "symbol_kind": "source.lang.swift.decl.function.method.instance",
      "warning": "undocumented"
    },
    {
      "file": "/Users/onevcat/Dropbox/github/Kingfisher/Sources/CacheSerializer.swift",
      "line": 62,
      "symbol": "DefaultCacheSerializer.default",
      "symbol_kind": "source.lang.swift.decl.var.static",
      "warning": "undocumented"
    },
    {
      "file": "/Users/onevcat/Dropbox/github/Kingfisher/Sources/Filter.swift",
      "line": 40,
      "symbol": "CIImageProcessor.filter",
      "symbol_kind": "source.lang.swift.decl.var.instance",
      "warning": "undocumented"
    },
    {
      "file": "/Users/onevcat/Dropbox/github/Kingfisher/Sources/Filter.swift",
      "line": 59,
      "symbol": "Filter.init(tranform:)",
      "symbol_kind": "source.lang.swift.decl.function.method.instance",
      "warning": "undocumented"
    },
    {
      "file": "/Users/onevcat/Dropbox/github/Kingfisher/Sources/FormatIndicatedCacheSerializer.swift",
      "line": 54,
      "symbol": "FormatIndicatedCacheSerializer.png",
      "symbol_kind": "source.lang.swift.decl.var.static",
      "warning": "undocumented"
    },
    {
      "file": "/Users/onevcat/Dropbox/github/Kingfisher/Sources/FormatIndicatedCacheSerializer.swift",
      "line": 55,
      "symbol": "FormatIndicatedCacheSerializer.jpeg",
      "symbol_kind": "source.lang.swift.decl.var.static",
      "warning": "undocumented"
    },
    {
      "file": "/Users/onevcat/Dropbox/github/Kingfisher/Sources/FormatIndicatedCacheSerializer.swift",
      "line": 56,
      "symbol": "FormatIndicatedCacheSerializer.gif",
      "symbol_kind": "source.lang.swift.decl.var.static",
      "warning": "undocumented"
    },
    {
      "file": "/Users/onevcat/Dropbox/github/Kingfisher/Sources/Image.swift",
      "line": 176,
      "symbol": "Kingfisher.pngRepresentation()",
      "symbol_kind": "source.lang.swift.decl.function.method.instance",
      "warning": "undocumented"
    },
    {
      "file": "/Users/onevcat/Dropbox/github/Kingfisher/Sources/Image.swift",
      "line": 189,
      "symbol": "Kingfisher.jpegRepresentation(compressionQuality:)",
      "symbol_kind": "source.lang.swift.decl.function.method.instance",
      "warning": "undocumented"
    },
    {
      "file": "/Users/onevcat/Dropbox/github/Kingfisher/Sources/Image.swift",
      "line": 202,
      "symbol": "Kingfisher.gifRepresentation()",
      "symbol_kind": "source.lang.swift.decl.function.method.instance",
      "warning": "undocumented"
    },
    {
      "file": "/Users/onevcat/Dropbox/github/Kingfisher/Sources/Image.swift",
      "line": 438,
      "symbol": "Kingfisher.crop(to:anchorOn:)",
      "symbol_kind": "source.lang.swift.decl.function.method.instance",
      "warning": "undocumented"
    },
    {
      "file": "/Users/onevcat/Dropbox/github/Kingfisher/Sources/Image.swift",
      "line": 672,
      "symbol": "DataProxy",
      "symbol_kind": "source.lang.swift.decl.struct",
      "warning": "undocumented"
    },
    {
      "file": "/Users/onevcat/Dropbox/github/Kingfisher/Sources/Image.swift",
      "line": 681,
      "symbol": "Data.kf",
      "symbol_kind": "source.lang.swift.decl.var.instance",
      "warning": "undocumented"
    },
    {
      "file": "/Users/onevcat/Dropbox/github/Kingfisher/Sources/Image.swift",
      "line": 708,
      "symbol": "CGSizeProxy",
      "symbol_kind": "source.lang.swift.decl.struct",
      "warning": "undocumented"
    },
    {
      "file": "/Users/onevcat/Dropbox/github/Kingfisher/Sources/Image.swift",
      "line": 717,
      "symbol": "CGSize.kf",
      "symbol_kind": "source.lang.swift.decl.var.instance",
      "warning": "undocumented"
    },
    {
      "file": "/Users/onevcat/Dropbox/github/Kingfisher/Sources/Image.swift",
      "line": 1042,
      "symbol": "Kingfisher.image(withRoundRadius:fit:scale:)",
      "symbol_kind": "source.lang.swift.decl.function.method.instance",
      "warning": "undocumented"
    },
    {
      "file": "/Users/onevcat/Dropbox/github/Kingfisher/Sources/ImageCache.swift",
      "line": 62,
      "symbol": "CacheType.disk",
      "symbol_kind": "source.lang.swift.decl.enumelement",
      "warning": "undocumented"
    },
    {
      "file": "/Users/onevcat/Dropbox/github/Kingfisher/Sources/ImageCache.swift",
      "line": 62,
      "symbol": "CacheType.memory",
      "symbol_kind": "source.lang.swift.decl.enumelement",
      "warning": "undocumented"
    },
    {
      "file": "/Users/onevcat/Dropbox/github/Kingfisher/Sources/ImageCache.swift",
      "line": 62,
      "symbol": "CacheType.none",
      "symbol_kind": "source.lang.swift.decl.enumelement",
      "warning": "undocumented"
    },
    {
      "file": "/Users/onevcat/Dropbox/github/Kingfisher/Sources/ImageCache.swift",
      "line": 548,
      "symbol": "ImageCache.CacheCheckResult.cached",
      "symbol_kind": "source.lang.swift.decl.var.instance",
      "warning": "undocumented"
    },
    {
      "file": "/Users/onevcat/Dropbox/github/Kingfisher/Sources/ImageCache.swift",
      "line": 549,
      "symbol": "ImageCache.CacheCheckResult.cacheType",
      "symbol_kind": "source.lang.swift.decl.var.instance",
      "warning": "undocumented"
    },
    {
      "file": "/Users/onevcat/Dropbox/github/Kingfisher/Sources/ImageCache.swift",
      "line": 624,
      "symbol": "ImageCache.cachePath(forComputedKey:)",
      "symbol_kind": "source.lang.swift.decl.function.method.instance",
      "warning": "undocumented"
    },
    {
      "file": "/Users/onevcat/Dropbox/github/Kingfisher/Sources/ImageCache.swift",
      "line": 672,
      "symbol": "Kingfisher.shared",
      "symbol_kind": "source.lang.swift.decl.var.static",
      "warning": "undocumented"
    },
    {
      "file": "/Users/onevcat/Dropbox/github/Kingfisher/Sources/ImageDownloader.swift",
      "line": 592,
      "symbol": "ImageDownloader.requestsUsePipeling",
      "symbol_kind": "source.lang.swift.decl.var.instance",
      "warning": "undocumented"
    },
    {
      "file": "/Users/onevcat/Dropbox/github/Kingfisher/Sources/ImageProcessor.swift",
      "line": 35,
      "symbol": "ImageProcessItem.image",
      "symbol_kind": "source.lang.swift.decl.enumelement",
      "warning": "undocumented"
    },
    {
      "file": "/Users/onevcat/Dropbox/github/Kingfisher/Sources/ImageProcessor.swift",
      "line": 36,
      "symbol": "ImageProcessItem.data",
      "symbol_kind": "source.lang.swift.decl.enumelement",
      "warning": "undocumented"
    },
    {
      "file": "/Users/onevcat/Dropbox/github/Kingfisher/Sources/ImageProcessor.swift",
      "line": 143,
      "symbol": "RectCorner",
      "symbol_kind": "source.lang.swift.decl.struct",
      "warning": "undocumented"
    },
    {
      "file": "/Users/onevcat/Dropbox/github/Kingfisher/Sources/ImageProcessor.swift",
      "line": 145,
      "symbol": "RectCorner.topLeft",
      "symbol_kind": "source.lang.swift.decl.var.static",
      "warning": "undocumented"
    },
    {
      "file": "/Users/onevcat/Dropbox/github/Kingfisher/Sources/ImageProcessor.swift",
      "line": 146,
      "symbol": "RectCorner.topRight",
      "symbol_kind": "source.lang.swift.decl.var.static",
      "warning": "undocumented"
    },
    {
      "file": "/Users/onevcat/Dropbox/github/Kingfisher/Sources/ImageProcessor.swift",
      "line": 147,
      "symbol": "RectCorner.bottomLeft",
      "symbol_kind": "source.lang.swift.decl.var.static",
      "warning": "undocumented"
    },
    {
      "file": "/Users/onevcat/Dropbox/github/Kingfisher/Sources/ImageProcessor.swift",
      "line": 148,
      "symbol": "RectCorner.bottomRight",
      "symbol_kind": "source.lang.swift.decl.var.static",
      "warning": "undocumented"
    },
    {
      "file": "/Users/onevcat/Dropbox/github/Kingfisher/Sources/ImageProcessor.swift",
      "line": 149,
      "symbol": "RectCorner.all",
      "symbol_kind": "source.lang.swift.decl.var.static",
      "warning": "undocumented"
    },
    {
      "file": "/Users/onevcat/Dropbox/github/Kingfisher/Sources/ImageProcessor.swift",
      "line": 225,
      "symbol": "ContentMode.none",
      "symbol_kind": "source.lang.swift.decl.enumelement",
      "warning": "undocumented"
    },
    {
      "file": "/Users/onevcat/Dropbox/github/Kingfisher/Sources/ImageProcessor.swift",
      "line": 226,
      "symbol": "ContentMode.aspectFit",
      "symbol_kind": "source.lang.swift.decl.enumelement",
      "warning": "undocumented"
    },
    {
      "file": "/Users/onevcat/Dropbox/github/Kingfisher/Sources/ImageProcessor.swift",
      "line": 227,
      "symbol": "ContentMode.aspectFill",
      "symbol_kind": "source.lang.swift.decl.enumelement",
      "warning": "undocumented"
    },
    {
      "file": "/Users/onevcat/Dropbox/github/Kingfisher/Sources/ImageView+Kingfisher.swift",
      "line": 234,
      "symbol": "Kingfisher.placeholder",
      "symbol_kind": "source.lang.swift.decl.var.instance",
      "warning": "undocumented"
    },
    {
      "file": "/Users/onevcat/Dropbox/github/Kingfisher/Sources/ImageView+Kingfisher.swift",
      "line": 309,
      "symbol": "ImageView.kf_indicator",
      "symbol_kind": "source.lang.swift.decl.var.instance",
      "warning": "undocumented"
    },
    {
      "file": "/Users/onevcat/Dropbox/github/Kingfisher/Sources/Indicator.swift",
      "line": null,
      "symbol": "Indicator",
      "symbol_kind": "source.lang.swift.decl.extension",
      "warning": "undocumented"
    },
    {
      "file": "/Users/onevcat/Dropbox/github/Kingfisher/Sources/Indicator.swift",
      "line": 39,
      "symbol": "IndicatorType",
      "symbol_kind": "source.lang.swift.decl.enum",
      "warning": "undocumented"
    },
    {
      "file": "/Users/onevcat/Dropbox/github/Kingfisher/Sources/Indicator.swift",
      "line": 51,
      "symbol": "Indicator",
      "symbol_kind": "source.lang.swift.decl.protocol",
      "warning": "undocumented"
    },
    {
      "file": "/Users/onevcat/Dropbox/github/Kingfisher/Sources/Indicator.swift",
      "line": 52,
      "symbol": "Indicator.startAnimatingView()",
      "symbol_kind": "source.lang.swift.decl.function.method.instance",
      "warning": "undocumented"
    },
    {
      "file": "/Users/onevcat/Dropbox/github/Kingfisher/Sources/Indicator.swift",
      "line": 53,
      "symbol": "Indicator.stopAnimatingView()",
      "symbol_kind": "source.lang.swift.decl.function.method.instance",
      "warning": "undocumented"
    },
    {
      "file": "/Users/onevcat/Dropbox/github/Kingfisher/Sources/Indicator.swift",
      "line": 55,
      "symbol": "Indicator.viewCenter",
      "symbol_kind": "source.lang.swift.decl.var.instance",
      "warning": "undocumented"
    },
    {
      "file": "/Users/onevcat/Dropbox/github/Kingfisher/Sources/Indicator.swift",
      "line": 56,
      "symbol": "Indicator.view",
      "symbol_kind": "source.lang.swift.decl.var.instance",
      "warning": "undocumented"
    },
    {
      "file": "/Users/onevcat/Dropbox/github/Kingfisher/Sources/Indicator.swift",
      "line": 76,
      "symbol": "Indicator.viewCenter",
      "symbol_kind": "source.lang.swift.decl.var.instance",
      "warning": "undocumented"
    },
    {
      "file": "/Users/onevcat/Dropbox/github/Kingfisher/Sources/Kingfisher.swift",
      "line": null,
      "symbol": "Image",
      "symbol_kind": "source.lang.swift.decl.extension",
      "warning": "undocumented"
    },
    {
      "file": "/Users/onevcat/Dropbox/github/Kingfisher/Sources/Kingfisher.swift",
      "line": null,
      "symbol": "Image",
      "symbol_kind": "source.lang.swift.decl.extension",
      "warning": "undocumented"
    },
    {
      "file": "/Users/onevcat/Dropbox/github/Kingfisher/Sources/Kingfisher.swift",
      "line": null,
      "symbol": "ImageView",
      "symbol_kind": "source.lang.swift.decl.extension",
      "warning": "undocumented"
    },
    {
      "file": "/Users/onevcat/Dropbox/github/Kingfisher/Sources/Kingfisher.swift",
      "line": null,
      "symbol": "Kingfisher",
      "symbol_kind": "source.lang.swift.decl.extension",
      "warning": "undocumented"
    },
    {
      "file": "/Users/onevcat/Dropbox/github/Kingfisher/Sources/Kingfisher.swift",
      "line": null,
      "symbol": "Kingfisher",
      "symbol_kind": "source.lang.swift.decl.extension",
      "warning": "undocumented"
    },
    {
      "file": "/Users/onevcat/Dropbox/github/Kingfisher/Sources/Kingfisher.swift",
      "line": null,
      "symbol": "Kingfisher",
      "symbol_kind": "source.lang.swift.decl.extension",
      "warning": "undocumented"
    },
    {
      "file": "/Users/onevcat/Dropbox/github/Kingfisher/Sources/Kingfisher.swift",
      "line": null,
      "symbol": "Kingfisher",
      "symbol_kind": "source.lang.swift.decl.extension",
      "warning": "undocumented"
    },
    {
      "file": "/Users/onevcat/Dropbox/github/Kingfisher/Sources/Kingfisher.swift",
      "line": null,
      "symbol": "Kingfisher",
      "symbol_kind": "source.lang.swift.decl.extension",
      "warning": "undocumented"
    },
    {
      "file": "/Users/onevcat/Dropbox/github/Kingfisher/Sources/Kingfisher.swift",
      "line": null,
      "symbol": "Kingfisher",
      "symbol_kind": "source.lang.swift.decl.extension",
      "warning": "undocumented"
    },
    {
      "file": "/Users/onevcat/Dropbox/github/Kingfisher/Sources/Kingfisher.swift",
      "line": null,
      "symbol": "Kingfisher",
      "symbol_kind": "source.lang.swift.decl.extension",
      "warning": "undocumented"
    },
    {
      "file": "/Users/onevcat/Dropbox/github/Kingfisher/Sources/Kingfisher.swift",
      "line": null,
      "symbol": "Kingfisher",
      "symbol_kind": "source.lang.swift.decl.extension",
      "warning": "undocumented"
    },
    {
      "file": "/Users/onevcat/Dropbox/github/Kingfisher/Sources/Kingfisher.swift",
      "line": null,
      "symbol": "Kingfisher",
      "symbol_kind": "source.lang.swift.decl.extension",
      "warning": "undocumented"
    },
    {
      "file": "/Users/onevcat/Dropbox/github/Kingfisher/Sources/Kingfisher.swift",
      "line": null,
      "symbol": "Kingfisher",
      "symbol_kind": "source.lang.swift.decl.extension",
      "warning": "undocumented"
    },
    {
      "file": "/Users/onevcat/Dropbox/github/Kingfisher/Sources/Kingfisher.swift",
      "line": null,
      "symbol": "Kingfisher",
      "symbol_kind": "source.lang.swift.decl.extension",
      "warning": "undocumented"
    },
    {
      "file": "/Users/onevcat/Dropbox/github/Kingfisher/Sources/Kingfisher.swift",
      "line": 48,
      "symbol": "Kingfisher",
      "symbol_kind": "source.lang.swift.decl.class",
      "warning": "undocumented"
    },
    {
      "file": "/Users/onevcat/Dropbox/github/Kingfisher/Sources/Kingfisher.swift",
      "line": 49,
      "symbol": "Kingfisher.base",
      "symbol_kind": "source.lang.swift.decl.var.instance",
      "warning": "undocumented"
    },
    {
      "file": "/Users/onevcat/Dropbox/github/Kingfisher/Sources/Kingfisher.swift",
      "line": 50,
      "symbol": "Kingfisher.init(_:)",
      "symbol_kind": "source.lang.swift.decl.function.method.instance",
      "warning": "undocumented"
    },
    {
      "file": "/Users/onevcat/Dropbox/github/Kingfisher/Sources/Kingfisher.swift",
      "line": 60,
      "symbol": "KingfisherCompatible.kf",
      "symbol_kind": "source.lang.swift.decl.var.instance",
      "warning": "undocumented"
    },
    {
      "file": "/Users/onevcat/Dropbox/github/Kingfisher/Sources/Kingfisher.swift",
      "line": 64,
      "symbol": "KingfisherCompatible.kf",
      "symbol_kind": "source.lang.swift.decl.var.instance",
      "warning": "undocumented"
    },
    {
      "file": "/Users/onevcat/Dropbox/github/Kingfisher/Sources/KingfisherManager.swift",
      "line": 40,
      "symbol": "RetrieveImageTask.empty",
      "symbol_kind": "source.lang.swift.decl.var.static",
      "warning": "undocumented"
    },
    {
      "file": "/Users/onevcat/Dropbox/github/Kingfisher/Sources/KingfisherOptionsInfo.swift",
      "line": 301,
      "symbol": "Collection.onlyLoadFirstFrame",
      "symbol_kind": "source.lang.swift.decl.var.instance",
      "warning": "undocumented"
    },
    {
      "file": "/Users/onevcat/Dropbox/github/Kingfisher/Sources/KingfisherOptionsInfo.swift",
      "line": 305,
      "symbol": "Collection.cacheOriginalImage",
      "symbol_kind": "source.lang.swift.decl.var.instance",
      "warning": "undocumented"
    },
    {
      "file": "/Users/onevcat/Dropbox/github/Kingfisher/Sources/KingfisherOptionsInfo.swift",
      "line": 322,
      "symbol": "KingfisherOptionsInfoItem.preloadAllGIFData",
      "symbol_kind": "source.lang.swift.decl.var.static",
      "warning": "undocumented"
    },
    {
      "file": "/Users/onevcat/Dropbox/github/Kingfisher/Sources/RequestModifier.swift",
      "line": 31,
      "symbol": "ImageDownloadRequestModifier.modified(for:)",
      "symbol_kind": "source.lang.swift.decl.function.method.instance",
      "warning": "undocumented"
    },
    {
      "file": "/Users/onevcat/Dropbox/github/Kingfisher/Sources/RequestModifier.swift",
      "line": 42,
      "symbol": "AnyModifier",
      "symbol_kind": "source.lang.swift.decl.struct",
      "warning": "undocumented"
    },
    {
      "file": "/Users/onevcat/Dropbox/github/Kingfisher/Sources/RequestModifier.swift",
      "line": 46,
      "symbol": "AnyModifier.modified(for:)",
      "symbol_kind": "source.lang.swift.decl.function.method.instance",
      "warning": "undocumented"
    },
    {
      "file": "/Users/onevcat/Dropbox/github/Kingfisher/Sources/RequestModifier.swift",
      "line": 50,
      "symbol": "AnyModifier.init(modify:)",
      "symbol_kind": "source.lang.swift.decl.function.method.instance",
      "warning": "undocumented"
    },
    {
      "file": "/Users/onevcat/Dropbox/github/Kingfisher/Sources/String+MD5.swift",
      "line": 24,
      "symbol": "StringProxy",
      "symbol_kind": "source.lang.swift.decl.struct",
      "warning": "undocumented"
    },
    {
      "file": "/Users/onevcat/Dropbox/github/Kingfisher/Sources/String+MD5.swift",
      "line": 33,
      "symbol": "String.kf",
      "symbol_kind": "source.lang.swift.decl.var.instance",
      "warning": "undocumented"
    }
  ],
  "source_directory": "/Users/onevcat/Dropbox/github/Kingfisher"
}